{
  "standard_concentration": "1 mM",
  "state_names": [
    "state_1",
    "state_2",
    "state_3",
    "state_4"
  ],
  "network": {
    "metabolite_names": [
      "X1",
      "X2",
      "X3",
      "S4"
    ],
    "reaction_names": [
      "E1",
      "E2",
      "E3"
    ],
    "stoichiometric_matrix": [
      [
        -1,
        0,
        0
      ],
      [
        0,
        -1,
        0
      ],
      [
        0,
        0,
        1
      ],
      [
        1,
        1,
        -1
      ]
    ],
    "activation_matrix": [
      [
        0,
        0,
        0
      ],
      [
        0,
        0,
        0
      ],
      [
        0,
        0,
        0
      ],
      [
        0,
        0,
        0
      ]
    ],
    "inhibition_matrix": [
      [
        -0,
        -0,
        -0
      ],
      [
        -0,
        -0,
        -0
      ],
      [
        -0,
        -0,
        -0
      ],
      [
        -0,
        -0,
        -0
      ]
    ]
  },
  "kinetic_constants": {
    "Keq": {
      "unit": "depends on reaction stoichiometry",
      "true": [
        2.0986744536959945,
        39.91957084918664,
        0.5682636469222823
      ],
      "prior_ln": {
        "mean": [
          0,
          0,
          0
        ],
        "cov": [
          [
            530.1898110478398,
            0,
            0
          ],
          [
            0,
            530.1898110478398,
            0
          ],
          [
            0,
            0,
            530.1898110478398
          ]
        ]
      },
      "data_ln": {
        "mean": [
          0.7413059329051632,
          3.686866701114603,
          -0.5651698008365242
        ],
        "std": [
          0.4054651081081644,
          0.4054651081081644,
          0.4054651081081644
        ]
      },
      "combined": {
        "mean_ln": [
          0.741076139041337,
          3.6857238270230104,
          -0.5649946065658631
        ],
        "cov_ln": [
          [
            0.16435099172150489,
            0,
            -0
          ],
          [
            0,
            0.16435099172150489,
            -0
          ],
          [
            -0,
            -0,
            0.16435099172150489
          ]
        ],
        "geom_mean": [
          2.0981922465906053,
          39.87397386668368,
          0.5683632121788246
        ]
      }
    },
    "Kcatf": {
      "unit": "1/s",
      "true": [
        591.9845004095322,
        64337.9500266516,
        551.6451584491264
      ],
      "prior_ln": {
        "mean": [
          5.298317366548036,
          5.298317366548036,
          5.298317366548036
        ],
        "cov": [
          [
            927.8321693337195,
            0,
            0
          ],
          [
            0,
            927.8321693337195,
            0
          ],
          [
            0,
            0,
            927.8321693337195
          ]
        ]
      },
      "data_ln": {
        "mean": [
          6.383480452800603,
          11.071904938716443,
          6.312905010677502
        ],
        "std": [
          0.4054651081081644,
          0.4054651081081644,
          0.4054651081081644
        ]
      },
      "combined": {
        "mean_ln": [
          6.3832882075518675,
          11.07088210187932,
          6.312725268428176
        ],
        "cov_ln": [
          [
            0.16437282878292242,
            0,
            -0
          ],
          [
            0,
            0.16437282878292242,
            -0
          ],
          [
            -0,
            -0,
            0.16437282878292242
          ]
        ],
        "geom_mean": [
          591.8707051406539,
          64272.17644489486,
          551.5460134180593
        ]
      }
    },
    "Kcatr": {
      "unit": "1/s",
      "true": [
        0.09049347538558705,
        0.007042257662064704,
        0.9162974094447176
      ],
      "prior_ln": {
        "mean": [
          5.298317366548036,
          5.298317366548036,
          5.298317366548036
        ],
        "cov": [
          [
            927.8321693337195,
            0,
            0
          ],
          [
            0,
            927.8321693337197,
            0
          ],
          [
            0,
            0,
            927.8321693337197
          ]
        ]
      },
      "data_ln": {
        "mean": [
          -2.402477526062123,
          -4.955826469588246,
          -0.0874142842061505
        ],
        "std": [
          0.4054651081081644,
          0.4054651081081644,
          0.4054651081081644
        ]
      },
      "combined": {
        "mean_ln": [
          -2.4011132691607004,
          -4.954009866667156,
          -0.086460159122154
        ],
        "cov_ln": [
          [
            0.16437282878292242,
            0,
            -0
          ],
          [
            0,
            0.16437282878292242,
            -0
          ],
          [
            -0,
            -0,
            0.16437282878292242
          ]
        ],
        "geom_mean": [
          0.09061701598531233,
          0.007055062274831838,
          0.9171720889979653
        ]
      }
    },
    "KM": {
      "unit": "mM",
      "true": [
        0.3428788345674587,
        25.174573952317555,
        0.31654854260337384,
        0.00010999999999999999,
        0.00010999999999999999,
        335.36195784531196
      ],
      "prior_ln": {
        "mean": [
          -2.3025850929940455,
          -2.3025850929940455,
          -2.3025850929940455,
          -2.3025850929940455,
          -2.3025850929940455,
          -2.3025850929940455
        ],
        "cov": [
          [
            530.1898110478398,
            0,
            0,
            0,
            0,
            0
          ],
          [
            0,
            530.1898110478398,
            0,
            0,
            0,
            0
          ],
          [
            0,
            0,
            530.1898110478398,
            0,
            0,
            0
          ],
          [
            0,
            0,
            0,
            530.1898110478398,
            0,
            0
          ],
          [
            0,
            0,
            0,
            0,
            530.1898110478398,
            0
          ],
          [
            0,
            0,
            0,
            0,
            0,
            530.1898110478398
          ]
        ]
      },
      "data_ln": {
        "mean": [
          -1.0703781462142952,
          3.2258345150182275,
          -1.1502786760039463,
          -9.115030192171858,
          -9.115030192171858,
          5.81521041971623
        ],
        "std": [
          0.4054651081081644,
          0.4054651081081644,
          0.4054651081081644,
          0.4054651081081644,
          0.4054651081081644,
          0.4054651081081644
        ]
      },
      "combined": {
        "mean_ln": [
          -1.0707601121244077,
          3.2241207867905315,
          -1.1506358739327882,
          -9.112918435052487,
          -9.112918435052487,
          5.812694023294977
        ],
        "cov_ln": [
          [
            0.16435099172150489,
            0,
            0,
            0,
            0,
            -0
          ],
          [
            0,
            0.16435099172150489,
            0,
            0,
            0,
            -0
          ],
          [
            0,
            0,
            0.16435099172150489,
            0,
            0,
            -0
          ],
          [
            0,
            0,
            0,
            0.16435099172150489,
            0,
            -0
          ],
          [
            0,
            0,
            0,
            0,
            0.16435099172150489,
            -0
          ],
          [
            -0,
            -0,
            -0,
            -0,
            -0,
            0.16435099172150489
          ]
        ],