!!SBtab TableType='Position' TableID='Position'				
!PositionX	!PositionY	!Element	!IsFixed	!IsInvisible
-0.004722	0.7662	X1	1	0
-0.0029617664	0.53415257	X2	1	0
0.18547398	0.62960474	X3	1	0
0.081914709	0.63989778	S4	0	0
0.040403354	0.70055281	E1	0	0
0.039522267	0.58277287	E2	0	0
0.13882878	0.62931638	E3	0	0
