{
  "standard_concentration": "1 mM",
  "state_names": [
    "state_1",
    "state_2",
    "state_3",
    "state_4"
  ],
  "network": {
    "metabolite_names": [
      "X1",
      "X2",
      "X3",
      "S4"
    ],
    "reaction_names": [
      "E1",
      "E2",
      "E3"
    ],
    "stoichiometric_matrix": [
      [
        1,
        0,
        0
      ],
      [
        -0,
        -1,
        0
      ],
      [
        -0,
        0,
        1
      ],
      [
        -1,
        1,
        -1
      ]
    ],
    "activation_matrix": [
      [
        0,
        0,
        0
      ],
      [
        0,
        0,
        0
      ],
      [
        0,
        0,
        0
      ],
      [
        0,
        0,
        0
      ]
    ],
    "inhibition_matrix": [
      [
        -0,
        -0,
        -0
      ],
      [
        -0,
        -0,
        -0
      ],
      [
        -0,
        -0,
        -0
      ],
      [
        -0,
        -0,
        -0
      ]
    ]
  },
  "kinetic_constants": {
    "Keq": {
      "unit": "depends on reaction stoichiometry",
      "true": [
        2.0986744536959945,
        39.91957084918664,
        0.5682636469222823
      ],
      "prior_ln": {
        "mean": [
          0,
          0,
          0
        ],
        "cov": [
          [
            530.1898110478398,
            0,
            0
          ],
          [
            0,
            530.1898110478398,
            0
          ],
          [
            0,
            0,
            530.1898110478398
          ]
        ]
      },
      "data_ln": {
        "mean": [
          -0.7680704176067343,
          3.869849136372562,
          -0.6958145989837189
        ],
        "std": [
          0.4054651081081644,
          0.4054651081081644,
          0.4054651081081644
        ]
      },
      "combined": {
        "mean_ln": [
          -0.7678323271489111,
          3.868649540435178,
          -0.6955989067598882
        ],
        "cov_ln": [
          [
            0.16435099172150489,
            0,
            -0
          ],
          [
            0,
            0.16435099172150489,
            -0
          ],
          [
            -0,
            -0,
            0.16435099172150489
          ]
        ],
        "geom_mean": [
          0.46401781775972967,
          47.87768552455164,
          0.49877563841301814
        ]
      }
    },
    "Kcatf": {
      "unit": "1/s",
      "true": [
        417.0740366011359,
        2660.2248852912617,
        138.1051180341748
      ],
      "prior_ln": {
        "mean": [
          5.298317366548036,
          5.298317366548036,
          5.298317366548036
        ],
        "cov": [
          [
            927.8321693337195,
            0,
            0
          ],
          [
            0,
            927.8321693337195,
            0
          ],
          [
            0,
            0,
            927.8321693337195
          ]
        ]
      },
      "data_ln": {
        "mean": [
          1.3666827539206647,
          7.462721093638208,
          4.78787344101002
        ],
        "std": [
          0.4054651081081644,
          0.4054651081081644,
          0.4054651081081644
        ]
      },
      "combined": {
        "mean_ln": [
          1.3673792741798003,
          7.462337652348922,
          4.787963870200501
        ],
        "cov_ln": [
          [
            0.16437282878292242,
            0,
            -0
          ],
          [
            0,
            0.16437282878292242,
            -0
          ],
          [
            -0,
            -0,
            0.16437282878292242
          ]
        ],
        "geom_mean": [
          3.925050722888551,
          1741.2136557119102,
          120.05666866657764
        ]
      }
    },
    "Kcatr": {
      "unit": "1/s",
      "true": [
        6.306914278491526,
        2.380074279709799,
        47.95656025351758
      ],
      "prior_ln": {
        "mean": [
          5.298317366548036,
          5.298317366548036,
          5.298317366548036
        ],
        "cov": [
          [
            927.8321693337195,
            0,
            0
          ],
          [
            0,
            927.8321693337197,
            0
          ],
          [
            0,
            0,
            927.8321693337197
          ]
        ]
      },
      "data_ln": {
        "mean": [
          6.281458015086051,
          0.5891501791109319,
          4.245844036827823
        ],
        "std": [
          0.4054651081081644,
          0.4054651081081644,
          0.4054651081081644
        ]
      },
      "combined": {
        "mean_ln": [
          6.281283843921446,
          0.5899844454334358,
          4.246030490826879
        ],
        "cov_ln": [
          [
            0.16437282878292242,
            0,
            -0
          ],
          [
            0,
            0.16437282878292242,
            -0
          ],
          [
            -0,
            -0,
            0.16437282878292242
          ]
        ],
        "geom_mean": [
          534.4744052552437,
          1.8039603553582,
          69.82767986479539
        ]
      }
    },
    "KM": {
      "unit": "mM",
      "true": [
        0.13325466666371916,
        0.3625769321684114,
        0.1307969420265755,
        0.004228937592983725,
        0.012949654848665325,
        0.6628411536513791
      ],
      "prior_ln": {
        "mean": [
          -2.3025850929940455,
          -2.3025850929940455,
          -2.3025850929940455,
          -2.3025850929940455,
          -2.3025850929940455,
          -2.3025850929940455
        ],
        "cov": [
          [
            530.1898110478398,
            0,
            0,
            0,
            0,
            0
          ],
          [
            0,
            530.1898110478398,
            0,
            0,
            0,
            0
          ],
          [
            0,
            0,
            530.1898110478398,
            0,
            0,
            0
          ],
          [
            0,
            0,
            0,
            530.1898110478398,
            0,
            0
          ],
          [
            0,
            0,
            0,
            0,
            530.1898110478398,
            0
          ],
          [
            0,
            0,
            0,
            0,
            0,
            530.1898110478398
          ]
        ]
      },
      "data_ln": {
        "mean": [
          -1.2867910654958898,
          -0.7750117595391839,
          -2.2918981521639026,
          -5.221168477916846,
          -4.563710518923425,
          -0.47409959002399704
        ],
        "std": [
          0.4054651081081644,
          0.4054651081081644,
          0.4054651081081644,
          0.4054651081081644,
          0.4054651081081644,
          0.4054651081081644
        ]
      },
      "combined": {
        "mean_ln": [
          -1.2871059466051178,
          -0.775485284656131,
          -2.291901464957335,
          -5.220263760278486,
          -4.563009603518386,
          -0.47466639345835127
        ],
        "cov_ln": [
          [
            0.16435099172150489,
            0,
            0,
            0,
            0,
            -0
          ],
          [
            0,
            0.16435099172150489,
            0,
            0,
            0,
            -0
          ],
          [
            0,
            0,
            0.16435099172150489,
            0,
            0,
            -0
          ],
          [
            0,
            0,
            0,
            0.16435099172150489,
            0,
            -0
          ],
          [
            0,
            0,
            0,
            0,
            0.16435099172150489,
            -0
          ],
          [
            -0,
            -0,
            -0,
            -0,
            -0,
            0.16435099172150489
          ]
        ],