{
  "standard_concentration": "1 mM",
  "state_names": [
    "state_1",
    "state_2",
    "state_3",
    "state_4"
  ],
  "network": {
    "metabolite_names": [
      "X1",
      "X2",
      "X3",
      "S4"
    ],
    "reaction_names": [
      "E1",
      "E2",
      "E3"
    ],
    "stoichiometric_matrix": [
      [
        1,
        0,
        0
      ],
      [
        -0,
        -1,
        0
      ],
      [
        -0,
        0,
        1
      ],
      [
        -1,
        1,
        -1
      ]
    ],
    "activation_matrix": [
      [
        0,
        0,
        0
      ],
      [
        0,
        0,
        0
      ],
      [
        0,
        0,
        0
      ],
      [
        0,
        0,
        0
      ]
    ],
    "inhibition_matrix": [
      [
        -0,
        -0,
        -0
      ],
      [
        -0,
        -0,
        -0
      ],
      [
        -0,
        -0,
        -0
      ],
      [
        -0,
        -0,
        -0
      ]
    ]
  },
  "kinetic_constants": {
    "Keq": {
      "unit": "depends on reaction stoichiometry",
      "true": [
        2.0986744536959945,
        39.91957084918664,
        0.5682636469222823
      ],
      "prior_ln": {
        "mean": [
          0,
          0,
          0
        ],
        "cov": [
          [
            530.1898110478398,
            0,
            0
          ],
          [
            0,
            530.1898110478398,
            0
          ],
          [
            0,
            0,
            530.1898110478398
          ]
        ]
      },
      "data_ln": {
        "mean": [
          -0.7413059329051632,
          3.686866701114603,
          -0.5651698008365242
        ],
        "std": [
          0.4054651081081644,
          0.4054651081081644,
          0.4054651081081644
        ]
      },
      "combined": {
        "mean_ln": [
          -0.741076139041337,
          3.6857238270230104,
          -0.5649946065658631
        ],
        "cov_ln": [
          [
            0.16435099172150489,
            0,
            -0
          ],
          [
            0,
            0.16435099172150489,
            -0
          ],
          [
            -0,
            -0,
            0.16435099172150489
          ]
        ],
        "geom_mean": [
          0.4766007507772084,
          39.87397386668368,
          0.5683632121788246
        ]
      }
    },
    "Kcatf": {
      "unit": "1/s",
      "true": [
        417.0740366011359,
        2660.2248852912617,
        138.1051180341748
      ],
      "prior_ln": {
        "mean": [
          5.298317366548036,
          5.298317366548036,
          5.298317366548036
        ],
        "cov": [
          [
            927.8321693337195,
            0,
            0
          ],
          [
            0,
            927.8321693337195,
            0
          ],
          [
            0,
            0,
            927.8321693337195
          ]
        ]
      },
      "data_ln": {
        "mean": [
          1.8416465361021546,
          7.886165941544737,
          4.928015120077369
        ],
        "std": [
          0.4054651081081644,
          0.4054651081081644,
          0.4054651081081644
        ]
      },
      "combined": {
        "mean_ln": [
          1.8422589127596485,
          7.8857074836416885,
          4.928080722057737
        ],
        "cov_ln": [
          [
            0.16437282878292242,
            0,
            -0
          ],
          [
            0,
            0.16437282878292242,
            -0
          ],
          [
            -0,
            -0,
            0.16437282878292242
          ]
        ],
        "geom_mean": [
          6.31077766838065,
          2659.0055636938805,
          138.11417830059926
        ]
      }
    },
    "Kcatr": {
      "unit": "1/s",
      "true": [
        6.306914278491526,
        2.380074279709799,
        47.95656025351758
      ],
      "prior_ln": {
        "mean": [
          5.298317366548036,
          5.298317366548036,
          5.298317366548036
        ],
        "cov": [
          [
            927.8321693337195,
            0,
            0
          ],
          [
            0,
            927.8321693337197,
            0
          ],
          [
            0,
            0,
            927.8321693337197
          ]
        ]
      },
      "data_ln": {
        "mean": [
          6.0332637518454915,
          0.867131697158463,
          3.870295606434551
        ],
        "std": [
          0.4054651081081644,
          0.4054651081081644,
          0.4054651081081644
        ]
      },
      "combined": {
        "mean_ln": [
          6.0331335502634085,
          0.8679167168499694,
          3.8705485918170712
        ],
        "cov_ln": [
          [
            0.16437282878292242,
            0,
            -0
          ],
          [
            0,
            0.16437282878292242,
            -0
          ],
          [
            -0,
            -0,
            0.16437282878292242
          ]
        ],
        "geom_mean": [
          417.0197364367851,
          2.381943418445987,
          47.96869409703548
        ]
      }
    },
    "KM": {
      "unit": "mM",
      "true": [
        0.13325466666371916,
        0.3625769321684114,
        0.1307969420265755,
        0.004228937592983725,
        0.012949654848665325,
        0.6628411536513791
      ],
      "prior_ln": {
        "mean": [
          -2.3025850929940455,
          -2.3025850929940455,
          -2.3025850929940455,
          -2.3025850929940455,
          -2.3025850929940455,
          -2.3025850929940455
        ],
        "cov": [
          [
            530.1898110478398,
            0,
            0,
            0,
            0,
            0
          ],
          [
            0,
            530.1898110478398,
            0,
            0,
            0,
            0
          ],
          [
            0,
            0,
            530.1898110478398,
            0,
            0,
            0
          ],
          [
            0,
            0,
            0,
            530.1898110478398,
            0,
            0
          ],
          [
            0,
            0,
            0,
            0,
            530.1898110478398,
            0
          ],
          [
            0,
            0,
            0,
            0,
            0,
            530.1898110478398
          ]
        ]
      },
      "data_ln": {
        "mean": [
          -2.015493194682874,
          -1.0145186005328222,
          -2.034109219234048,
          -5.465804477521047,
          -4.346686143804494,
          -0.4112199047547074
        ],
        "std": [
          0.4054651081081644,
          0.4054651081081644,
          0.4054651081081644,
          0.4054651081081644,
          0.4054651081081644,
          0.4054651081081644
        ]
      },
      "combined": {
        "mean_ln": [
          -2.015582188920823,
          -1.01491788207507,
          -2.0341924427800055,
          -5.464823926344757,
          -4.346052502742596,
          -0.41180619996053247
        ],
        "cov_ln": [
          [
            0.16435099172150489,
            0,
            0,
            0,
            0,
            -0
          ],
          [
            0,
            0.16435099172150489,
            0,
            0,
            0,
            -0
          ],
          [
            0,
            0,
            0.16435099172150489,
            0,
            0,
            -0
          ],
          [
            0,
            0,
            0,
            0.16435099172150489,
            0,
            -0
          ],
          [
            0,
            0,
            0,
            0,
            0.16435099172150489,
            -0
          ],
          [
            -0,
            -0,
            -0,
            -0,
            -0,
            0.16435099172150489
          ]
        ],