{
  "standard_concentration": "1 mM",
  "state_names": [
    "state_1",
    "state_2",
    "state_3",
    "state_4"
  ],
  "network": {
    "metabolite_names": [
      "X1",
      "S2",
      "X3",
      "X4"
    ],
    "reaction_names": [
      "E1",
      "E2",
      "E3"
    ],
    "stoichiometric_matrix": [
      [
        -1,
        0,
        0
      ],
      [
        1,
        -1,
        0
      ],
      [
        0,
        1,
        -1
      ],
      [
        0,
        0,
        1
      ]
    ],
    "activation_matrix": [
      [
        0,
        0,
        0
      ],
      [
        0,
        0,
        0
      ],
      [
        0,
        0,
        0
      ],
      [
        0,
        0,
        0
      ]
    ],
    "inhibition_matrix": [
      [
        -0,
        -0,
        -0
      ],
      [
        -0,
        -0,
        -0
      ],
      [
        -0,
        -0,
        -0
      ],
      [
        -0,
        -0,
        -0
      ]
    ]
  },
  "kinetic_constants": {
    "Keq": {
      "unit": "depends on reaction stoichiometry",
      "true": [
        0.05257257052247981,
        22.68484091433123,
        1.7597465637930618
      ],
      "prior_ln": {
        "mean": [
          0,
          0,
          0
        ],
        "cov": [
          [
            530.1898110478398,
            0,
            0
          ],
          [
            0,
            530.1898110478398,
            0
          ],
          [
            0,
            0,
            530.1898110478398
          ]
        ]
      },
      "data_ln": {
        "mean": [
          -3.078637880636742,
          2.629232922460295,
          1.0159792366969973
        ],
        "std": [
          0.4054651081081644,
          0.4054651081081644,
          0.4054651081081644
        ]
      },
      "combined": {
        "mean_ln": [
          -3.0776835484743903,
          2.6284178991813314,
          1.0156642981756598
        ],
        "cov_ln": [
          [
            0.16435099172150489,
            0,
            -0
          ],
          [
            0,
            0.16435099172150489,
            -0
          ],
          [
            -0,
            -0,
            0.16435099172150489
          ]
        ],
        "geom_mean": [
          0.04606584244197495,
          13.851837553577827,
          2.7611970464245688
        ]
      }
    },
    "Kcatf": {
      "unit": "1/s",
      "true": [
        26.943721507562035,
        877.3516296113135,
        47.95656025351758
      ],
      "prior_ln": {
        "mean": [
          5.298317366548036,
          5.298317366548036,
          5.298317366548036
        ],
        "cov": [
          [
            927.8321693337195,
            0,
            0
          ],
          [
            0,
            927.8321693337195,
            0
          ],
          [
            0,
            0,
            927.8321693337195
          ]
        ]
      },
      "data_ln": {
        "mean": [
          3.1522437718613414,
          6.843472045008375,
          3.206720701665141
        ],
        "std": [
          0.4054651081081644,
          0.4054651081081644,
          0.4054651081081644
        ]
      },
      "combined": {
        "mean_ln": [
          3.152623965822269,
          6.843198308600218,
          3.2070912446058184
        ],
        "cov_ln": [
          [
            0.16437282878292242,
            0,
            -0
          ],
          [
            0,
            0.16437282878292242,
            -0
          ],
          [
            -0,
            -0,
            0.16437282878292242
          ]
        ],
        "geom_mean": [
          23.39737802383908,
          937.4827039929738,
          24.707114648469265
        ]
      }
    },
    "Kcatr": {
      "unit": "1/s",
      "true": [
        97.62757516215932,
        7.216642237879805,
        138.1051180341748
      ],
      "prior_ln": {
        "mean": [
          5.298317366548036,
          5.298317366548036,
          5.298317366548036
        ],
        "cov": [
          [
            927.8321693337195,
            0,
            0
          ],
          [
            0,
            927.8321693337197,
            0
          ],
          [
            0,
            0,
            927.8321693337197
          ]
        ]
      },
      "data_ln": {
        "mean": [
          4.816883433661223,
          1.9241228967502024,
          5.103524192997906
        ],
        "std": [
          0.4054651081081644,
          0.4054651081081644,
          0.4054651081081644
        ]
      },
      "combined": {
        "mean_ln": [
          4.816968723501386,
          1.9247206620661677,
          5.103558702153788
        ],
        "cov_ln": [
          [
            0.16437282878292242,
            0,
            -0
          ],
          [
            0,
            0.16437282878292242,
            -0
          ],
          [
            -0,
            -0,
            0.16437282878292242
          ]
        ],
        "geom_mean": [
          123.58988727358052,
          6.853234030262364,
          164.60665226414184
        ]
      }
    },
    "KM": {
      "unit": "mM",
      "true": [
        0.13325466666371916,
        0.025383795550172596,
        0.3625769321684114,
        0.06765461029176795,
        0.1307969420265755,
        0.6628411536513791
      ],
      "prior_ln": {
        "mean": [
          -2.3025850929940455,
          -2.3025850929940455,
          -2.3025850929940455,
          -2.3025850929940455,
          -2.3025850929940455,
          -2.3025850929940455
        ],
        "cov": [
          [
            530.1898110478398,
            0,
            0,
            0,
            0,
            0
          ],
          [
            0,
            530.1898110478398,
            0,
            0,
            0,
            0
          ],
          [
            0,
            0,
            530.1898110478398,
            0,
            0,
            0
          ],
          [
            0,
            0,
            0,
            530.1898110478398,
            0,
            0
          ],
          [
            0,
            0,
            0,
            0,
            530.1898110478398,
            0
          ],
          [
            0,
            0,
            0,
            0,
            0,
            530.1898110478398
          ]
        ]
      },
      "data_ln": {
        "mean": [
          -1.4265990590891824,
          -3.492423646598133,
          -0.7526591828637821,
          -2.9462192056961074,
          -2.275456823301865,
          0.24211562826519895
        ],
        "std": [
          0.4054651081081644,
          0.4054651081081644,
          0.4054651081081644,
          0.4054651081081644,
          0.4054651081081644,
          0.4054651081081644
        ]
      },
      "combined": {
        "mean_ln": [
          -1.426870601790318,
          -3.4920548142626213,
          -0.7531396369485585,
          -2.9460196886504684,
          -2.2754652326638234,
          0.2413268087170699
        ],
        "cov_ln": [
          [
            0.16435099172150489,
            0,
            0,
            0,
            0,
            -0
          ],
          [
            0,
            0.16435099172150489,
            0,
            0,
            0,
            -0
          ],
          [
            0,
            0,
            0.16435099172150489,
            0,
            0,
            -0
          ],
          [
            0,
            0,
            0,
            0.16435099172150489,
            0,
            -0
          ],
          [
            0,
            0,
            0,
            0,
            0.16435099172150489,
            -0
          ],
          [
            -0,
            -0,
            -0,
            -0,
            -0,
            0.16435099172150489
          ]
        ],