{"standard_concentration":"1 mM","network":{"metabolite_names":["X1","X2","X3","S4"],"reaction_names":["E1","E2","E3"],"stoichiometric_matrix":[[1,0,0],[-0,-1,0],[-0,0,1],[-1,1,-1]],"activation_matrix":[[0,0,0],[0,0,0],[0,0,0],[0,0,0]],"inhibition_matrix":[[-0,-0,-0],[-0,-0,-0],[-0,-0,-0],[-0,-0,-0]]},"kinetic_constants":{"Keq":{"unit":"depends on reaction stoichiometry","true":[2.0986744536959945,39.919570849186641,0.56826364692228226],"prior_ln":{"mean":[0,0,0],"cov":[[530.18981104783984,0,0],[0,530.18981104783984,0],[0,0,530.18981104783984]]},"data_ln":{"mean":[-0.74130593290516322,3.686866701114603,-0.56516980083652424],"std":[0.40546510810816438,0.40546510810816438,0.40546510810816438]},"combined":{"mean_ln":[-0.741076139041337,3.6857238270230104,-0.56499460656586309],"cov_ln":[[0.16435099172150489,0,-0],[0,0.16435099172150489,-0],[-0,-0,0.16435099172150489]],"geom_mean":[0.47660075077720843,39.873973866683677,0.56836321217882457]}},"Kcatf":{"unit":"1/s","true":[417.0740366011359,2660.2248852912617,138.10511803417481],"prior_ln":{"mean":[5.2983173665480363,5.2983173665480363,5.2983173665480363],"cov":[[927.83216933371955,0,0],[0,927.83216933371955,0],[0,0,927.83216933371955]]},"data_ln":{"mean":[1.8416465361021546,7.8861659415447374,4.9280151200773687],"std":[0.40546510810816438,0.40546510810816438,0.40546510810816438]},"combined":{"mean_ln":[1.8422589127596485,7.8857074836416885,4.9280807220577367],"cov_ln":[[0.16437282878292242,0,-0],[0,0.16437282878292242,-0],[-0,-0,0.16437282878292242]],"geom_mean":[6.31077766838065,2659.0055636938805,138.11417830059926]}},"Kcatr":{"unit":"1/s","true":[6.3069142784915257,2.3800742797097989,47.95656025351758],"prior_ln":{"mean":[5.2983173665480363,5.2983173665480363,5.2983173665480363],"cov":[[927.83216933371955,0,0],[0,927.83216933371966,0],[0,0,927.83216933371966]]},"data_ln":{"mean":[6.0332637518454915,0.867131697158463,3.8702956064345511],"std":[0.40546510810816438,0.40546510810816438,0.40546510810816438]},"combined":{"mean_ln":[6.0331335502634085,0.86791671684996941,3.8705485918170712],"cov_ln":[[0.16437282878292242,0,-0],[0,0.16437282878292242,-0],[-0,-0,0.16437282878292242]],"geom_mean":[417.01973643678508,2.3819434184459869,47.968694097035481]}},"KM":{"unit":"mM","true":[0.13325466666371916,0.36257693216841141,0.13079694202657549,0.0042289375929837249,0.012949654848665325,0.66284115365137908],"prior_ln":{"mean":[-2.3025850929940455,-2.3025850929940455,-2.3025850929940455,-2.3025850929940455,-2.3025850929940455,-2.3025850929940455],"cov":[[530.18981104783984,0,0,0,0,0],[0,530.18981104783984,0,0,0,0],[0,0,530.18981104783984,0,0,0],[0,0,0,530.18981104783984,0,0],[0,0,0,0,530.18981104783984,0],[0,0,0,0,0,530.18981104783984]]},"data_ln":{"mean":[-2.015493194682874,-1.0145186005328222,-2.0341092192340482,-5.465804477521047,-4.3466861438044937,-0.41121990475470738],"std":[0.40546510810816438,0.40546510810816438,0.40546510810816438,0.40546510810816438,0.40546510810816438,0.40546510810816438]},"combined":{"mean_ln":[-2.0155821889208232,-1.01491788207507,-2.0341924427800055,-5.4648239263447573,-4.3460525027425962,-0.41180619996053247],"cov_ln":[[0.16435099172150489,0,0,0,0,-0],[0,0.16435099172150489,0,0,0,-0],[0,0,0.16435099172150489,0,0,-0],[0,0,0,0.16435099172150489,0,-0],[0,0,0,0,0.16435099172150489,-0],[-0,-0,-0,-0,-0,0.16435099172150489]],"geom_mean":[0.13324280829387739,0.36243219078995509,0.13078605709420729,0.0042330863164003847,0.012957862881913662,0.66245264696170336]}},"KA":{"unit":"mM","true":[],"prior_ln":{"mean":[],"cov":[]},"data_ln":{"mean":[],"std":[]},"combined":{"mean_ln":[],"cov_ln":[],"geom_mean":[]}},"KI":{"unit":"mM","true":[],"prior_ln":{"mean":[],"cov":[]},"data_ln":{"mean":[],"std":[]},"combined":{"mean_ln":[],"cov_ln":[],"geom_mean":[]}}},"metabolite_concentrations":{"unit":"mM","true":[[0.63768594208821039,1.0750067681986326,1.383341740631542,1.069976867693313],[0.709750680429349,0.923282108951466,0.542259315599771,0.45072011962873149],[0.079279102078079741,0.12684326709945598,0.14263752072068991,0.059751873828530144],[1.3698961971099386,5.6558716653398475,1.124138240792016,0.858343994229457]],"prior_ln":{"mean":[[0,0,0,0],[0,0,0,0],[0,0,0,0],[0,0,0,0]],"std":[[23.025850929940457,23.025850929940457,23.025850929940457,23.025850929940457],[23.025850929940457,23.025850929940457,23.025850929940457,23.025850929940457],[23.025850929940457,23.025850929940457,23.025850929940457,23.025850929940457],[23.025850929940457,23.025850929940457,23.025850929940457,23.025850929940457]]},"data_ln":{"mean":[[-0.44990937061424841,0.07232695755853441,0.324502123120999,0.06763702926190919],[-0.34284152494075382,-0.079820447677697817,-0.61201094989340477,-0.79690870943715142],[-2.5347807149821655,-2.0648030720005721,-1.9474486869531704,-2.8175547275153194],[0.31473496843656174,1.7326942383332866,0.11701673393732981,-0.15275033416804026]],"std":[[0.18232155679395459,0.18232155679395459,0.18232155679395459,0.18232155679395459],[0.18232155679395459,0.18232155679395459,0.18232155679395459,0.18232155679395459],[0.18232155679395459,0.18232155679395459,0.18232155679395459,0.18232155679395459],[0.18232155679395459,0.18232155679395459,0.18232155679395459,0.18232155679395459]]},"combined":{"geom_mean":[[0.637703928951847,1.075001893723643,1.3833135983021414,1.0699723306238562],[0.7097659357499353,0.92328672921876254,0.54228012176204565,0.45074263835400707],[0.079291701512791413,0.12685968779702828,0.14265493653367176,0.0597624293497458],[1.3698691671246916,5.65525731609963,1.1241299940285785,0.8583522140636437]],"geom_std":[[1.1999931417664189,1.1999931417664189,1.1999931417664189,1.1999931417664189],[1.1999931417664189,1.1999931417664189,1.1999931417664189,1.1999931417664189],[1.1999931417664189,1.1999931417664189,1.1999931417664189,1.1999931417664189],[1.1999931417664189,1.1999931417664189,1.1999931417664189,1.1999931417664189]]}},"enzyme_concentrations":{"unit":"mM","true":[[0.0017499745014187133,0.0015826221419974007,0.00050190738222336635,0.00044143428360331443],[0.0014439103536186622,0.003313742389348698,0.0013629994643021563,0.0014337722123737031],[0.00093916517391442913,0.00034515265743656368,0.0012982296580031079,0.0012309156823139865]],"prior_ln":{"mean":[[-6.9077552789821368,-6.9077552789821368,-6.9077552789821368,-6.9077552789821368],[-6.9077552789821368,-6.9077552789821368,-6.9077552789821368,-6.9077552789821368],[-6.9077552789821368,-6.9077552789821368,-6.9077552789821368,-6.9077552789821368]],"std":[[23.025850929940457,23.025850929940457,23.025850929940457,23.025850929940457],[23.025850929940457,23.025850929940457,23.025850929940457,23.025850929940457],[23.025850929940457,23.025850929940457,23.025850929940457,23.025850929940457]]},"data_ln":{"mean":[[-6.348154061770745,-6.4486722239876464,-7.5970949528573293,-7.7254813970098368],[-6.5404003224202043,-5.7096770970521113,-6.5980675192963174,-6.5474463971394261],[-6.9705191901630918,-7.9715237534773031,-6.6467537441451112,-6.6999969294027508]],"std":[[0.18232155679395459,0.18232155679395459,0.18232155679395459,0.18232155679395459],[0.18232155679395459,0.18232155679395459,0.18232155679395459,0.18232155679395459],[0.18232155679395459,0.18232155679395459,0.18232155679395459,0.18232155679395459]]},"combined":{"geom_mean":[[0.0017499131082303119,0.0015825765929093332,0.00050192907342831987,0.00044145691453826745],[0.0014438771000262664,0.0033134935007352413,0.0013629730016757738,0.0014337398256021707],[0.00093916886938943272,0.00034517567663805865,0.0012982084153640426,0.0012308996498084442]],"geom_std":[[1.1999931417664189,1.1999931417664189,1.1999931417664189,1.1999931417664189],[1.1999931417664189,1.1999931417664189,1.1999931417664189,1.1999931417664189],[1.1999931417664189,1.1999931417664189,1.1999931417664189,1.1999931417664189]]}},"reaction_fluxes":{"unit":"mM/s",