{"standard_concentration":"1 mM","network":{"metabolite_names":["X1","S2","X3","S4","S5","X6","X7"],"reaction_names":["E1","E2","E3","E4","E5"],"stoichiometric_matrix":[[-1,0,0,-0,0],[1,0,-1,-0,0],[0,-1,0,-0,0],[0,1,-1,-0,0],[0,0,1,1,-1],[0,0,0,-1,0],[0,0,0,-0,1]],"activation_matrix":[[0,0,0,0,0],[0,0,0,0,0],[0,0,0,0,0],[0,0,0,0,0],[0,0,0,0,0],[0,0,0,0,0],[0,0,0,0,0]],"inhibition_matrix":[[-0,-0,-0,-0,-0],[-0,-0,-0,-0,-0],[-0,-0,-0,-0,-0],[-0,-0,-0,-0,-0],[-0,-0,-0,-0,-0],[-0,-0,-0,-0,-0],[-0,-0,-0,-0,-0]]},"kinetic_constants":{"Keq":{"unit":"depends on reaction stoichiometry","true":[0.052572570522479808,1.7597465637930618,4.3755067387301079,0.64455593292651736,0.63021123680365365],"prior_ln":{"mean":[0,0,0,0,0],"cov":[[530.18981104783984,0,0,0,0],[0,530.18981104783984,0,0,0],[0,0,530.18981104783984,0,0],[0,0,0,530.18981104783984,0],[0,0,0,0,530.18981104783984]]},"data_ln":{"mean":[-2.6253223789877262,0.2403014631960374,1.3439808996038338,0.32376736081693636,0.069304246718181639],"std":[0.40546510810816438,0.40546510810816438,0.40546510810816438,0.40546510810816438,0.40546510810816438]},"combined":{"mean_ln":[-2.6245085679193418,0.24022697330022003,1.3435642854232104,0.32366699772860741,0.069282763427780156],"cov_ln":[[0.16435099172150489,0,0,0,-0],[0,0.16435099172150489,0,0,-0],[0,0,0.16435099172150489,0,-0],[0,0,0,0.16435099172150489,-0],[-0,-0,-0,-0,0.16435099172150489]],"geom_mean":[0.072475365003505765,1.271537722684327,3.8326799541242864,1.3821869590783995,1.071739214960955]}},"Kcatf":{"unit":"1/s","true":[50.402098522533493,2421.1899169043854,729.18417705212642,52.958489436992636,995.49200717176984],"prior_ln":{"mean":[5.2983173665480363,5.2983173665480363,4.1470248200510138,5.2983173665480363,5.2983173665480363],"cov":[[927.83216933371955,0,0,0,0],[0,927.83216933371955,0,0,0],[0,0,1060.3796220956795,0,0],[0,0,0,927.83216933371955,0],[0,0,0,0,927.83216933371955]]},"data_ln":{"mean":[4.0082885167468616,7.4582195940158265,6.1812842429835779,3.2100744838474582,6.96660130647103],"std":[0.40546510810816438,0.40546510810816438,0.40546510810816438,0.40546510810816438,0.40546510810816438]},"combined":{"mean_ln":[4.0085170555906977,7.4578369502029069,6.1809688989561051,3.2104444326390178,6.966305756737488],"cov_ln":[[0.16437282878292242,0,0,0,-0],[0,0.16437282878292242,0,0,-0],[0,0,0.16437646885734325,0,-0],[0,0,0,0.16437282878292242,-0],[-0,-0,-0,-0,0.16437282878292242]],"geom_mean":[55.065151427514976,1733.3945805379869,483.460153536357,24.790101306820663,1060.2985058323741]}},"Kcatr":{"unit":"1/s","true":[1409.2116565122983,8.76658892565785,362.27165810182839,48.667330460742185,528.22938122484891],"prior_ln":{"mean":[5.2983173665480363,5.2983173665480363,6.4496099130450588,5.2983173665480363,5.2983173665480363],"cov":[[927.83216933371955,0,0,0,0],[0,927.83216933371955,0,0,0],[0,0,1060.3796220956795,0,0],[0,0,0,927.83216933371955,0],[0,0,0,0,927.83216933371978]]},"data_ln":{"mean":[7.0884953438080434,1.9918217815692214,6.0740842044245609,4.46225307059847,6.3566611185152135],"std":[0.40546510810816438,0.40546510810816438,0.40546510810816438,0.40546510810816438,0.40546510810816438]},"combined":{"mean_ln":[7.0881781995788691,1.9924075534907228,6.0741424171520242,4.4624011860205384,6.3564736245242912],"cov_ln":[[0.16437282878292242,0,0,0,-0],[0,0.16437282878292242,0,0,-0],[0,0,0.16437646885734325,0,-0],[0,0,0,0.16437282878292242,-0],[-0,-0,-0,-0,0.16437282878292242]],"geom_mean":[1197.7237980867799,7.3331675197450847,434.47674290049127,86.695431224074653,576.210833741567]}},"KM":{"unit":"mM","true":[0.0088099079962876241,0.012949654848665325,2.6201255559523728,1.7367366453275397,0.011065878049119838,0.062449190095423587,0.35569224231830388,0.44581906701599711,0.045389170772824422,0.26407128853950596,0.01517830122693474],"prior_ln":{"mean":[-2.3025850929940455,-2.3025850929940455,-2.3025850929940455,-2.3025850929940455,-2.3025850929940455,-2.3025850929940455,-2.3025850929940455,-2.3025850929940455,-2.3025850929940455,-2.3025850929940455,-2.3025850929940455],"cov":[[530.18981104783984,0,0,0,0,0,0,0,0,0,0],[0,530.18981104783984,0,0,0,0,0,0,0,0,0],[0,0,530.18981104783984,0,0,0,0,0,0,0,0],[0,0,0,530.18981104783984,0,0,0,0,0,0,0],[0,0,0,0,530.18981104783984,0,0,0,0,0,0],[0,0,0,0,0,530.18981104783984,0,0,0,0,0],[0,0,0,0,0,0,530.18981104783984,0,0,0,0],[0,0,0,0,0,0,0,530.18981104783984,0,0,0],[0,0,0,0,0,0,0,0,530.18981104783984,0,0],[0,0,0,0,0,0,0,0,0,530.18981104783984,0],[0,0,0,0,0,0,0,0,0,0,530.18981104783984]]},"data_ln":{"mean":[-4.8605054190515222,-3.7467288802929213,1.2466780256829233,0.61651706709535059,-4.8872483114602243,-3.094938480872512,-1.8645843196695298,-1.7642673999807963,-3.7652575194616151,-1.7200219349888859,-4.0963628372736123],"std":[0.40546510810816438,0.40546510810816438,0.40546510810816438,0.40546510810816438,0.40546510810816438,0.40546510810816438,0.40546510810816438,0.40546510810816438,0.40546510810816438,0.40546510810816438,0.40546510810816438]},"combined":{"mean_ln":[-4.8597125016216287,-3.74628121710007,1.2455778066646019,0.61561218864436917,-4.8864471041296245,-3.0946928630534254,-1.8647200934244581,-1.76443427049559,-3.7648041126649465,-1.7202025209427529,-4.0958067927305883],"cov_ln":[[0.16435099172150489,-0,-0,-0,-0,0,-0,-0,-0,0,-0],[-0,0.16435099172150489,-0,-0,-0,-0,0,-0,-0,-0,0],[-0,-0,0.16435099172150489,-0,-0,-0,-0,0,-0,-0,-0],[-0,-0,-0,0.16435099172150489,-0,-0,-0,-0,0,-0,-0],[-0,-0,-0,-0,0.16435099172150489,-0,-0,-0,-0,0,-0],[0,-0,-0,-0,-0,0.16435099172150489,-0,-0,-0,-0,0],[-0,0,-0,-0,-0,-0,0.16435099172150489,-0,-0,-0,-0],[-0,-0,0,-0,-0,-0,-0,0.16435099172150489,-0,-0,-0],[-0,-0,-0,0,-0,-0,-0,-0,0.16435099172150489,-0,-0],[0,-0,-0,-0,0,-0,-0,-0,-0,0.16435099172150489,-0],[-0,0,-0,-0,-0,0,-0,-0,-0,-0,0.16435099172150489]],"geom_mean":[0.0077527124630270413,0.02360536606643595,3.4749420640592321,1.8507892849977658,0.00754819283383237,0.045288920225022941,0.15493957242102674,0.17128365930014178,0.023172150921646421,0.17902988693833022,0.016642313967161041]}},"KA":{"unit":"mM","true":[],"prior_ln":{"mean":[],"cov":[]},"data_ln":{"mean":[],"std":[]},"combined":{"mean_ln":[],"cov_ln":[],"geom_mean":[]}},"KI":{"unit":"mM","true":[],"prior_ln":{"mean":[],"cov":[]},"data_ln":{"mean":[],"std":[]},"combined":{"mean_ln":[],"cov_ln":[],"geom_mean":[]}}},"metabolite_concentrations":{"unit":"mM","true":[[7.9279102078079706,5.4225931559977116,22.767606238242191,8.443114319781305],[0.10276240582555533,0.13430558180428212,0.28008400606502071,0.24618663314512573],[1.0750067681986326,0.90624763216788684,1.2773178336984214,0.574317050962336],[0.8117369008454316,0.46606093966318868,0.42802860964643485,0.23115330931011513],[0.025254059979501187,0.033578000577796766,0.018048614611811991,0.033255226328587344],[0.70792972957006228,0.59751873828530122,0.46942716461108297,1.0271258704193278],[0.013833417406315419,0.016104134450492004,0.0065299406575721032,0.012007933162707514]],"prior_ln":{"mean":[[0,0,0,0],[0,0,0,0],[0,0,0,0],[0,0,0,0],[0,0,0,0],[0,0,0,0],[0,0,0,0]],"std":[[23.025850929940457,23.025850929940457,23.025850929940457,23.025850929940457],[23.025850929940457,23.025850929940457,23.025850929940457,23.025850929940457],[23.025850929940457,23.025850929940457,23.025850929940457,23.025850929940457],[23.025850929940457,23.025850929940457,23.025850929940457,23.025850929940457],[23.025850929940457,23.025850929940457,23.025850929940457,23.025850929940457],[23.025850929940457,23.025850929940457,23.025850929940457,23.025850929940457],[23.025850929940457,23.025850929940457,23.025850929940457,23.025850929940457]]},