{"standard_concentration":"1 mM","network":{"metabolite_names":["X1","S2","X3","S4","S5","X6","X7"],"reaction_names":["E1","E2","E3","E4","E5"],"stoichiometric_matrix":[[-1,0,0,0,0],[1,0,-1,0,0],[0,-1,0,0,0],[0,1,-1,0,0],[0,0,1,-1,-1],[0,0,0,1,0],[0,0,0,0,1]],"activation_matrix":[[0,0,0,0,0],[0,0,0,0,0],[0,0,0,0,0],[0,0,0,0,0],[0,0,0,0,0],[0,0,0,0,0],[0,0,0,0,0]],"inhibition_matrix":[[-0,-0,-0,-0,-0],[-0,-0,-0,-0,-0],[-0,-0,-0,-0,-0],[-0,-0,-0,-0,-0],[-0,-0,-0,-0,-0],[-0,-0,-0,-0,-0],[-0,-0,-0,-0,-0]]},"kinetic_constants":{"Keq":{"unit":"depends on reaction stoichiometry","true":[0.052572570522479808,1.7597465637930618,4.3755067387301079,0.64455593292651736,0.63021123680365365],"prior_ln":{"mean":[0,0,0,0,0],"cov":[[21.207592441913597,0,0,0,0],[0,21.207592441913597,0,0,0],[0,0,21.207592441913597,0,0],[0,0,0,21.207592441913597,0],[0,0,0,0,21.207592441913597]]},"data_ln":{"mean":[-2.94556076820944,0.56516980083652413,1.4760223390977183,-0.43919367537777704,-0.46170021928213684],"std":[0.40546510810816438,0.40546510810816438,0.40546510810816438,0.40546510810816438,0.40546510810816438]},"combined":{"mean_ln":[-2.9229023332203452,0.5608222880205388,1.4646681831849115,-0.43581522145193319,-0.45814863599247535],"cov_ln":[[0.16313730811685953,0,0,0,-0],[0,0.16313730811685953,0,0,-0],[0,0,0.16313730811685953,0,-0],[0,0,0,0.16313730811685953,-0],[-0,-0,-0,-0,0.16313730811685953]],"geom_mean":[0.05377738070464233,1.7521126493484909,4.3261075268957168,0.64673721805944284,0.632453463872431]}},"Kcatf":{"unit":"1/s","true":[50.402098522533493,2421.1899169043854,729.18417705212642,52.958489436992636,995.49200717176984],"prior_ln":{"mean":[5.2983173665480363,5.2983173665480363,4.1470248200510138,5.2983173665480363,5.2983173665480363],"cov":[[9.18733370144875,0,0,0,0],[0,9.18733370144875,0,0,0],[0,0,9.8349062999438086,0,0],[0,0,0,9.18733370144875,0],[0,0,0,0,9.18733370144875]]},"data_ln":{"mean":[3.9200328115623675,7.7920143995054678,6.5919263435182387,3.9695083885065765,6.9032370945134751],"std":[0.40546510810816438,0.40546510810816438,0.40546510810816438,0.40546510810816438,0.40546510810816438]},"combined":{"mean_ln":[3.9442628242799511,7.7481756213636146,6.5517289041223536,3.9928686288290245,6.8750228732348306],"cov_ln":[[0.16151179494941348,0,0,0,-0],[0,0.16151179494941348,0,0,-0],[0,0,0.16169896667067241,0,-0],[0,0,0,0.16151179494941348,-0],[-0,-0,-0,-0,0.16151179494941348]],"geom_mean":[51.638257608085738,2317.3408486579606,700.45414561174539,54.210175399816677,967.7975019910416]}},"Kcatr":{"unit":"1/s","true":[1409.2116565122983,8.76658892565785,362.27165810182839,48.667330460742185,528.22938122484891],"prior_ln":{"mean":[5.2983173665480363,5.2983173665480363,6.4496099130450588,5.2983173665480363,5.2983173665480363],"cov":[[9.18733370144875,0,0,0,0],[0,9.18733370144875,0,0,0],[0,0,9.8349062999438086,0,0],[0,0,0,9.18733370144875,0],[0,0,0,0,9.18733370144875]]},"data_ln":{"mean":[7.2507857181560471,2.1709477826806074,5.89239436713429,3.8850079725514997,6.2695306235050445],"std":[0.40546510810816438,0.40546510810816438,0.40546510810816438,0.40546510810816438,0.40546510810816438]},"combined":{"mean_ln":[7.2164616500098768,2.2259264186346903,5.90155573331702,3.9098537161002782,6.2524568563483056],"cov_ln":[[0.16151179494941348,0,0,0,-0],[0,0.16151179494941348,0,0,-0],[0,0,0.16169896667067241,0,-0],[0,0,0,0.16151179494941348,-0],[-0,-0,-0,-0,0.16151179494941348]],"geom_mean":[1361.6624882407987,9.26205937494643,365.60581079643373,49.891653093988452,519.28707244604141]}},"KM":{"unit":"mM","true":[0.0088099079962876241,0.012949654848665325,2.6201255559523728,1.7367366453275397,0.011065878049119838,0.062449190095423587,0.35569224231830388,0.44581906701599711,0.045389170772824422,0.26407128853950596,0.01517830122693474],"prior_ln":{"mean":[-2.3025850929940455,-2.3025850929940455,-2.3025850929940455,-2.3025850929940455,-2.3025850929940455,-2.3025850929940455,-2.3025850929940455,-2.3025850929940455,-2.3025850929940455,-2.3025850929940455,-2.3025850929940455],"cov":[[2.5902903939802346,0,0,0,0,0,0,0,0,0,0],[0,2.5902903939802346,0,0,0,0,0,0,0,0,0],[0,0,2.5902903939802346,0,0,0,0,0,0,0,0],[0,0,0,2.5902903939802346,0,0,0,0,0,0,0],[0,0,0,0,2.5902903939802346,0,0,0,0,0,0],[0,0,0,0,0,2.5902903939802346,0,0,0,0,0],[0,0,0,0,0,0,2.5902903939802346,0,0,0,0],[0,0,0,0,0,0,0,2.5902903939802346,0,0,0],[0,0,0,0,0,0,0,0,2.5902903939802346,0,0],[0,0,0,0,0,0,0,0,0,2.5902903939802346,0],[0,0,0,0,0,0,0,0,0,0,2.5902903939802346]]},"data_ln":{"mean":[-4.7318782821887346,-4.3466861438044937,0.9632222387440037,0.55200786109967392,-4.503888954888664,-2.7734020113429478,-1.0336894098851732,-0.807842088608526,-3.0924817316203992,-1.3315361799413794,-4.1878884219109667],"std":[0.40546510810816438,0.40546510810816438,0.40546510810816438,0.40546510810816438,0.40546510810816438,0.40546510810816438,0.40546510810816438,0.40546510810816438,0.40546510810816438,0.40546510810816438,0.40546510810816438]},"combined":{"mean_ln":[-4.5868963762451234,-4.2246927723967058,0.76831658737758279,0.38164376959415,-4.3725136104559441,-2.7453033304277183,-1.1094179861636626,-0.89704938998968686,-3.0453401512315521,-1.3894890539728244,-4.0753722089137119],"cov_ln":[[0.15459033102182884,-0,-0,-0,-0,0,-0,-0,-0,0,-0],[-0,0.15459033102182884,-0,-0,-0,-0,0,-0,-0,-0,0],[-0,-0,0.15459033102182884,-0,-0,-0,-0,0,-0,-0,-0],[-0,-0,-0,0.15459033102182884,-0,-0,-0,-0,0,-0,-0],[-0,-0,-0,-0,0.15459033102182884,-0,-0,-0,-0,0,-0],[0,-0,-0,-0,-0,0.15459033102182884,-0,-0,-0,-0,0],[-0,0,-0,-0,-0,-0,0.15459033102182884,-0,-0,-0,-0],[-0,-0,0,-0,-0,-0,-0,0.15459033102182884,-0,-0,-0],[-0,-0,-0,0,-0,-0,-0,-0,0.15459033102182884,-0,-0],[0,-0,-0,-0,0,-0,-0,-0,-0,0.15459033102182884,-0],[-0,0,-0,-0,-0,0,-0,-0,-0,-0,0.15459033102182884]],"geom_mean":[0.010184417975028852,0.01462982870642901,2.156133534552418,1.46469022499396,0.012619480210738415,0.064228815435320732,0.3297508247786729,0.407771059808427,0.04758012479659296,0.24920260118710252,0.01698589120010283]}},"KA":{"unit":"mM","true":[],"prior_ln":{"mean":[],"cov":[]},"data_ln":{"mean":[],"std":[]},"combined":{"mean_ln":[],"cov_ln":[],"geom_mean":[]}},"KI":{"unit":"mM","true":[],"prior_ln":{"mean":[],"cov":[]},"data_ln":{"mean":[],"std":[]},"combined":{"mean_ln":[],"cov_ln":[],"geom_mean":[]}}},"metabolite_concentrations":{"unit":"mM","true":[9.5344675812996655,0.17563872510360548,0.91944804216642961,0.43985317109683736,0.026709911857059811,0.67202184631326722,0.011496379495076755],"prior_ln":{"mean":[0,0,0,0,0,0,0],"std":[2.3025850929940459,2.3025850929940459,2.3025850929940459,2.3025850929940459,2.3025850929940459,2.3025850929940459,2.3025850929940459]},"data_ln":{"mean":[2.2549133991398937,-1.7393260918915667,-0.083981743150492547,-0.82131430981339237,-3.6227205518634733,-0.39746442959266359,-4.4657231196962686],"std":[0.18232155679395459,0.18232155679395459,0.18232155679395459,0.18232155679395459,0.18232155679395459,0.18232155679395459,0.18232155679395459]},"combined":{"geom_mean":[9.4014499036073467,0.17755248271406329,0.91992927581566675,0.44210979443979465,0.027319656764731415,0.67368813330801491,0.011820748324913245],"geom_std":[1.1993175448841467,1.1993175448841467,1.1993175448841467,1.1993175448841467,1.1993175448841467,1.1993175448841467,1.1993175448841467]}},"enzyme_concentrations":{"unit":"mM","true":[0.00092311519032547995,0.0012691398388272302,0.00078362201777819373,0.00050888145409579621,0.00067332473105333386],"prior_ln":{"mean":[-6.9077552789821368,-6.9077552789821368,-6.9077552789821368,-6.9077552789821368,-6.9077552789821368],"std":[2.3025850929940459,2.3025850929940459,2.3025850929940459,2.3025850929940459,2.3025850929940459]},"data_ln":{"mean":[-7.7829186653424944,-6.0736972560420144,-7.3137243127571914,-7.2900276203344765,-8.0475055133600417],"std":[0.18232155679395459,0.18232155679395459,0.18232155679395459,0.18232155679395459,0.18232155679395459]},