{
  "standard_concentration": "1 mM",
  "state_names": [
    "state_1",
    "state_2",
    "state_3",
    "state_4"
  ],
  "network": {
    "metabolite_names": [
      "X1",
      "S2",
      "X3",
      "X4"
    ],
    "reaction_names": [
      "E1",
      "E2",
      "E3"
    ],
    "stoichiometric_matrix": [
      [
        -1,
        0,
        0
      ],
      [
        1,
        -1,
        0
      ],
      [
        0,
        1,
        -1
      ],
      [
        0,
        0,
        1
      ]
    ],
    "activation_matrix": [
      [
        0,
        0,
        0
      ],
      [
        0,
        0,
        0
      ],
      [
        0,
        0,
        0
      ],
      [
        0,
        0,
        0
      ]
    ],
    "inhibition_matrix": [
      [
        -0,
        -0,
        -0
      ],
      [
        -0,
        -0,
        -0
      ],
      [
        -0,
        -0,
        -0
      ],
      [
        -0,
        -0,
        -0
      ]
    ]
  },
  "kinetic_constants": {
    "Keq": {
      "unit": "depends on reaction stoichiometry",
      "true": [
        0.05257257052247981,
        22.68484091433123,
        1.7597465637930618
      ],
      "prior_ln": {
        "mean": [
          0,
          0,
          0
        ],
        "cov": [
          [
            530.1898110478398,
            0,
            0
          ],
          [
            0,
            530.1898110478398,
            0
          ],
          [
            0,
            0,
            530.1898110478398
          ]
        ]
      },
      "data_ln": {
        "mean": [
          -2.918796283507869,
          3.3046793355360378,
          0.4345250026893295
        ],
        "std": [
          0.4054651081081644,
          0.4054651081081644,
          0.4054651081081644
        ]
      },
      "combined": {
        "mean_ln": [
          -2.9178914998740995,
          3.303654933869315,
          0.4343903063718378
        ],
        "cov_ln": [
          [
            0.16435099172150489,
            0,
            -0
          ],
          [
            0,
            0.16435099172150489,
            -0
          ],
          [
            -0,
            -0,
            0.16435099172150489
          ]
        ],
        "geom_mean": [
          0.05404752645958463,
          27.211915136421787,
          1.5440213919119168
        ]
      }
    },
    "Kcatf": {
      "unit": "1/s",
      "true": [
        26.943721507562035,
        877.3516296113135,
        47.95656025351758
      ],
      "prior_ln": {
        "mean": [
          5.298317366548036,
          5.298317366548036,
          5.298317366548036
        ],
        "cov": [
          [
            927.8321693337195,
            0,
            0
          ],
          [
            0,
            927.8321693337195,
            0
          ],
          [
            0,
            0,
            927.8321693337195
          ]
        ]
      },
      "data_ln": {
        "mean": [
          3.541944565274748,
          6.353463010073308,
          3.7301539273672017
        ],
        "std": [
          0.4054651081081644,
          0.4054651081081644,
          0.4054651081081644
        ]
      },
      "combined": {
        "mean_ln": [
          3.542255720648839,
          6.353276082652664,
          3.7304317399598363
        ],
        "cov_ln": [
          [
            0.16437282878292242,
            0,
            -0
          ],
          [
            0,
            0.16437282878292242,
            -0
          ],
          [
            -0,
            -0,
            0.16437282878292242
          ]
        ],
        "geom_mean": [
          34.544754686741676,
          574.3713180053974,
          41.697106585553364
        ]
      }
    },
    "Kcatr": {
      "unit": "1/s",
      "true": [
        97.62757516215932,
        7.216642237879805,
        138.1051180341748
      ],
      "prior_ln": {
        "mean": [
          5.298317366548036,
          5.298317366548036,
          5.298317366548036
        ],
        "cov": [
          [
            927.8321693337195,
            0,
            0
          ],
          [
            0,
            927.8321693337197,
            0
          ],
          [
            0,
            0,
            927.8321693337197
          ]
        ]
      },
      "data_ln": {
        "mean": [
          4.106196203731968,
          1.6984082626758314,
          5.303563550470641
        ],
        "std": [
          0.4054651081081644,
          0.4054651081081644,
          0.4054651081081644
        ]
      },
      "combined": {
        "mean_ln": [
          4.106407397452407,
          1.6990460151296938,
          5.3035626210675435
        ],
        "cov_ln": [
          [
            0.16437282878292242,
            0,
            -0
          ],
          [
            0,
            0.16437282878292242,
            -0
          ],
          [
            -0,
            -0,
            0.16437282878292242
          ]
        ],
        "geom_mean": [
          60.728153079566546,
          5.468727818827283,
          201.05180699008292
        ]
      }
    },
    "KM": {
      "unit": "mM",
      "true": [
        0.13325466666371916,
        0.025383795550172596,
        0.3625769321684114,
        0.06765461029176795,
        0.1307969420265755,
        0.6628411536513791
      ],
      "prior_ln": {
        "mean": [
          -2.3025850929940455,
          -2.3025850929940455,
          -2.3025850929940455,
          -2.3025850929940455,
          -2.3025850929940455,
          -2.3025850929940455
        ],
        "cov": [
          [
            530.1898110478398,
            0,
            0,
            0,
            0,
            0
          ],
          [
            0,
            530.1898110478398,
            0,
            0,
            0,
            0
          ],
          [
            0,
            0,
            530.1898110478398,
            0,
            0,
            0
          ],
          [
            0,
            0,
            0,
            530.1898110478398,
            0,
            0
          ],
          [
            0,
            0,
            0,
            0,
            530.1898110478398,
            0
          ],
          [
            0,
            0,
            0,
            0,
            0,
            530.1898110478398
          ]
        ]
      },
      "data_ln": {
        "mean": [
          -1.2867910654958898,
          -3.4341374380194054,
          -1.2723075334626768,
          -2.448703777907018,
          -2.2511335943529787,
          -0.47409959002399704
        ],
        "std": [
          0.4054651081081644,
          0.4054651081081644,
          0.4054651081081644,
          0.4054651081081644,
          0.4054651081081644,
          0.4054651081081644
        ]
      },
      "combined": {
        "mean_ln": [
          -1.2871059466051178,
          -3.433786673545599,
          -1.2726269042523997,
          -2.448658483278049,
          -2.2511495435557944,
          -0.47466639345835127
        ],
        "cov_ln": [
          [
            0.16435099172150489,
            0,
            0,
            0,
            0,
            -0
          ],
          [
            0,
            0.16435099172150489,
            0,
            0,
            0,
            -0
          ],
          [
            0,
            0,
            0.16435099172150489,
            0,
            0,
            -0
          ],
          [
            0,
            0,
            0,
            0.16435099172150489,
            0,
            -0
          ],
          [
            0,
            0,
            0,
            0,
            0.16435099172150489,
            -0
          ],
          [
            -0,
            -0,
            -0,
            -0,
            -0,
            0.16435099172150489
          ]
        ],