{"standard_concentration":"1 mM","network":{"metabolite_names":["X1","S2","X3","X4"],"reaction_names":["E1","E2","E3"],"stoichiometric_matrix":[[-1,0,0],[1,-1,0],[0,1,-1],[0,0,1]],"activation_matrix":[[0,0,0],[0,0,0],[0,0,0],[0,0,0]],"inhibition_matrix":[[-0,-0,-0],[-0,-0,-0],[-0,-0,-0],[-0,-0,-0]]},"kinetic_constants":{"Keq":{"unit":"depends on reaction stoichiometry","true":[0.052572570522479808,22.684840914331229,1.7597465637930618],"prior_ln":{"mean":[0,0,0],"cov":[[530.18981104783984,0,0],[0,530.18981104783984,0],[0,0,530.18981104783984]]},"data_ln":{"mean":[-2.94556076820944,3.1216969002780788,0.56516980083652413],"std":[0.40546510810816438,0.40546510810816438,0.40546510810816438]},"combined":{"mean_ln":[-2.9446476879816732,3.1207292204571471,0.56499460656586287],"cov_ln":[[0.16435099172150489,0,-0],[0,0.16435099172150489,-0],[-0,-0,0.16435099172150489]],"geom_mean":[0.05262059541910194,22.662899869202835,1.7594382932816717]}},"Kcatf":{"unit":"1/s","true":[26.943721507562035,877.35162961131346,47.95656025351758],"prior_ln":{"mean":[5.2983173665480363,5.2983173665480363,5.2983173665480363],"cov":[[927.83216933371955,0,0],[0,927.83216933371955,0],[0,0,927.83216933371955]]},"data_ln":{"mean":[3.2937503020341881,6.7769078579798379,3.8702956064345511],"std":[0.40546510810816438,0.40546510810816438,0.40546510810816438]},"combined":{"mean_ln":[3.2941054269908014,6.7766459139454307,3.8705485918170712],"cov_ln":[[0.16437282878292242,0,-0],[0,0.16437282878292242,-0],[-0,-0,0.16437282878292242]],"geom_mean":[26.953291594681222,877.1218426828309,47.968694097035481]}},"Kcatr":{"unit":"1/s","true":[97.627575162159317,7.216642237879805,138.10511803417481],"prior_ln":{"mean":[5.2983173665480363,5.2983173665480363,5.2983173665480363],"cov":[[927.83216933371955,0,0],[0,927.83216933371966,0],[0,0,927.83216933371966]]},"data_ln":{"mean":[4.581159985913458,1.9763897807233626,4.9280151200773687],"std":[0.40546510810816438,0.40546510810816438,0.40546510810816438]},"combined":{"mean_ln":[4.5812870360322551,1.9769782865462273,4.9280807220577367],"cov_ln":[[0.16437282878292242,0,-0],[0,0.16437282878292242,-0],[-0,-0,0.16437282878292242]],"geom_mean":[97.639979545154034,7.2208905238062187,138.11417830059926]}},"KM":{"unit":"mM","true":[0.13325466666371916,0.025383795550172596,0.36257693216841141,0.067654610291767947,0.13079694202657549,0.66284115365137908],"prior_ln":{"mean":[-2.3025850929940455,-2.3025850929940455,-2.3025850929940455,-2.3025850929940455,-2.3025850929940455,-2.3025850929940455],"cov":[[530.18981104783984,0,0,0,0,0],[0,530.18981104783984,0,0,0,0],[0,0,530.18981104783984,0,0,0],[0,0,0,530.18981104783984,0,0],[0,0,0,0,530.18981104783984,0],[0,0,0,0,0,530.18981104783984]]},"data_ln":{"mean":[-2.015493194682874,-3.6736442790130437,-1.0145186005328222,-2.6933397775112189,-2.0341092192340482,-0.41121990475470738],"std":[0.40546510810816438,0.40546510810816438,0.40546510810816438,0.40546510810816438,0.40546510810816438,0.40546510810816438]},"combined":{"mean_ln":[-2.0155821889208232,-3.6732192709645379,-1.01491788207507,-2.6932186493443213,-2.0341924427800055,-0.41180619996053247],"cov_ln":[[0.16435099172150489,0,0,0,0,-0],[0,0.16435099172150489,0,0,0,-0],[0,0,0.16435099172150489,0,0,-0],[0,0,0,0.16435099172150489,0,-0],[0,0,0,0,0.16435099172150489,-0],[-0,-0,-0,-0,-0,0.16435099172150489]],"geom_mean":[0.13324280829387739,0.025394586160468725,0.36243219078995509,0.067662805667030132,0.13078605709420729,0.66245264696170336]}},"KA":{"unit":"mM","true":[],"prior_ln":{"mean":[],"cov":[]},"data_ln":{"mean":[],"std":[]},"combined":{"mean_ln":[],"cov_ln":[],"geom_mean":[]}},"KI":{"unit":"mM","true":[],"prior_ln":{"mean":[],"cov":[]},"data_ln":{"mean":[],"std":[]},"combined":{"mean_ln":[],"cov_ln":[],"geom_mean":[]}}},"metabolite_concentrations":{"unit":"mM","true":[[6.3768594208821048,10.750067681986325,13.833417406315423,10.699768676933132],[0.15997674944592505,0.337364592744072,0.072584281455838146,0.10055914379557385],[1.1233166548581743,4.7038451641773094,0.70656250511863383,1.166891385938867],[0.79729896582945547,0.70792972957006228,0.90624763216788684,1.6104134450491991]],"prior_ln":{"mean":[[0,0,0,0],[0,0,0,0],[0,0,0,0],[0,0,0,0]],"std":[[23.025850929940457,23.025850929940457,23.025850929940457,23.025850929940457],[23.025850929940457,23.025850929940457,23.025850929940457,23.025850929940457],[23.025850929940457,23.025850929940457,23.025850929940457,23.025850929940457],[23.025850929940457,23.025850929940457,23.025850929940457,23.025850929940457]]},"data_ln":{"mean":[[1.8526757223797974,2.37491205055258,2.6270872161150449,2.3702221222559552],[-1.8327267902706661,-1.0865910558587188,-2.6230068894655689,-2.2970092291002167],[0.11628560827867511,1.5483802942759564,-0.34734360926543051,0.15434327779810719],[-0.22652555656539083,-0.345410442233911,-0.098442685596928634,0.47649094419657051]],"std":[[0.18232155679395459,0.18232155679395459,0.18232155679395459,0.18232155679395459],[0.18232155679395459,0.18232155679395459,0.18232155679395459,0.18232155679395459],[0.18232155679395459,0.18232155679395459,0.18232155679395459,0.18232155679395459],[0.18232155679395459,0.18232155679395459,0.18232155679395459,0.18232155679395459]]},"combined":{"geom_mean":[[6.3761187957112453,10.748467225633281,13.831139238853984,10.698178854558835],[0.15999513162456303,0.33738757527505825,0.072596218454846845,0.10057362594464513],[1.1233084656102452,4.7033885735312264,0.70657789134310656,1.166880094910786],[0.79731028876216481,0.70794505976762157,0.9062532252231924,1.6103653386348222]],"geom_std":[[1.1999931417664189,1.1999931417664189,1.1999931417664189,1.1999931417664189],[1.1999931417664189,1.1999931417664189,1.1999931417664189,1.1999931417664189],[1.1999931417664189,1.1999931417664189,1.1999931417664189,1.1999931417664189],[1.1999931417664189,1.1999931417664189,1.1999931417664189,1.1999931417664189]]}},"enzyme_concentrations":{"unit":"mM","true":[[0.0017499745014187133,0.0015826221419974007,0.00050190738222336635,0.00044143428360331443],[0.0014439103536186622,0.003313742389348698,0.0013629994643021563,0.0014337722123737031],[0.00093916517391442913,0.00034515265743656368,0.0012982296580031079,0.0012309156823139865]],"prior_ln":{"mean":[[-6.9077552789821368,-6.9077552789821368,-6.9077552789821368,-6.9077552789821368],[-6.9077552789821368,-6.9077552789821368,-6.9077552789821368,-6.9077552789821368],[-6.9077552789821368,-6.9077552789821368,-6.9077552789821368,-6.9077552789821368]],"std":[[23.025850929940457,23.025850929940457,23.025850929940457,23.025850929940457],[23.025850929940457,23.025850929940457,23.025850929940457,23.025850929940457],[23.025850929940457,23.025850929940457,23.025850929940457,23.025850929940457]]},"data_ln":{"mean":[[-6.348154061770745,-6.4486722239876464,-7.5970949528573293,-7.7254813970098368],[-6.5404003224202043,-5.7096770970521113,-6.5980675192963174,-6.5474463971394261],[-6.9705191901630918,-7.9715237534773031,-6.6467537441451112,-6.6999969294027508]],"std":[[0.18232155679395459,0.18232155679395459,0.18232155679395459,0.18232155679395459],[0.18232155679395459,0.18232155679395459,0.18232155679395459,0.18232155679395459],[0.18232155679395459,0.18232155679395459,0.18232155679395459,0.18232155679395459]]},"combined":{"geom_mean":[[0.0017499131082303119,0.0015825765929093332,0.00050192907342831987,0.00044145691453826745],[0.0014438771000262664,0.0033134935007352413,0.0013629730016757738,0.0014337398256021707],[0.00093916886938943272,0.00034517567663805865,0.0012982084153640426,0.0012308996498084442]],"geom_std":[[1.1999931417664189,1.1999931417664189,1.1999931417664189,1.1999931417664189],[1.1999931417664189,1.1999931417664189,1.1999931417664189,1.1999931417664189],[1.1999931417664189,1.1999931417664189,1.1999931417664189,1.1999931417664189]]}},"reaction_fluxes":{"unit":"mM/s",