{"standard_concentration":"1 mM","network":{"metabolite_names":["X1","S2","X3","S4","S5","X6","X7"],"reaction_names":["E1","E2","E3","E4","E5"],"stoichiometric_matrix":[[-1,0,0,-0,0],[1,0,-1,-0,0],[0,-1,0,-0,0],[0,1,-1,-0,0],[0,0,1,1,-1],[0,0,0,-1,0],[0,0,0,-0,1]],"activation_matrix":[[0,0,0,0,0],[0,0,0,0,0],[0,0,0,0,0],[0,0,0,0,0],[0,0,0,0,0],[0,0,0,0,0],[0,0,0,0,0]],"inhibition_matrix":[[-0,-0,-0,-0,-0],[-0,-0,-0,-0,-0],[-0,-0,-0,-0,-0],[-0,-0,-0,-0,-0],[-0,-0,-0,-0,-0],[-0,-0,-0,-0,-0],[-0,-0,-0,-0,-0]]},"kinetic_constants":{"Keq":{"unit":"depends on reaction stoichiometry","true":[0.052572570522479808,1.7597465637930618,4.3755067387301079,0.64455593292651736,0.63021123680365365],"prior_ln":{"mean":[0,0,0,0,0],"cov":[[530.18981104783984,0,0,0,0],[0,530.18981104783984,0,0,0],[0,0,530.18981104783984,0,0],[0,0,0,530.18981104783984,0],[0,0,0,0,530.18981104783984]]},"data_ln":{"mean":[-2.8405858690901979,-0.25333894443086169,1.5570100461440834,0.26652055318183138,-0.97665852428053568],"std":[0.40546510810816438,0.40546510810816438,0.40546510810816438,0.40546510810816438,0.40546510810816438]},"combined":{"mean_ln":[-2.8397053295269568,-0.25326041310888742,1.5565273960820265,0.26643793575630403,-0.97635577459788614],"cov_ln":[[0.16435099172150489,0,0,0,-0],[0,0.16435099172150489,0,0,-0],[0,0,0.16435099172150489,0,-0],[0,0,0,0.16435099172150489,-0],[-0,-0,-0,-0,0.16435099172150489]],"geom_mean":[0.058442884819947992,0.7762657057344754,4.7423244039127059,1.3053065739559819,0.37668131225836865]}},"Kcatf":{"unit":"1/s","true":[50.402098522533493,2421.1899169043854,729.18417705212642,52.958489436992636,995.49200717176984],"prior_ln":{"mean":[5.2983173665480363,5.2983173665480363,4.1470248200510138,5.2983173665480363,5.2983173665480363],"cov":[[927.83216933371955,0,0,0,0],[0,927.83216933371955,0,0,0],[0,0,1060.3796220956795,0,0],[0,0,0,927.83216933371955,0],[0,0,0,0,927.83216933371955]]},"data_ln":{"mean":[3.71426050390772,8.1564182531853753,6.7448741318634227,4.5383435055714063,7.0844577269283864],"std":[0.40546510810816438,0.40546510810816438,0.40546510810816438,0.40546510810816438,0.40546510810816438]},"combined":{"mean_ln":[3.7145411321463939,8.1559119179415553,6.7444714220342252,4.5384781409693353,7.08414129799507],"cov_ln":[[0.16437282878292242,0,0,0,-0],[0,0.16437282878292242,0,0,-0],[0,0,0.16437646885734325,0,-0],[0,0,0,0.16437282878292242,-0],[-0,-0,-0,-0,0.16437282878292242]],"geom_mean":[41.039750940646165,3483.9149216513724,849.35006027744168,93.548324370722867,1192.8984512674886]}},"Kcatr":{"unit":"1/s","true":[1409.2116565122983,8.76658892565785,362.27165810182839,48.667330460742185,528.22938122484891],"prior_ln":{"mean":[5.2983173665480363,5.2983173665480363,6.4496099130450588,5.2983173665480363,5.2983173665480363],"cov":[[927.83216933371955,0,0,0,0],[0,927.83216933371955,0,0,0],[0,0,1060.3796220956795,0,0],[0,0,0,927.83216933371955,0],[0,0,0,0,927.83216933371978]]},"data_ln":{"mean":[7.5126451358250872,1.9180683544957187,5.651046763066474,4.5584025241002681,6.1280240933321979],"std":[0.40546510810816438,0.40546510810816438,0.40546510810816438,0.40546510810816438,0.40546510810816438]},"combined":{"mean_ln":[7.5122528500957086,1.9186671924218717,5.6511705536297949,4.5585336058839481,6.1278771042039386],"cov_ln":[[0.16437282878292242,0,0,0,-0],[0,0.16437282878292242,0,0,-0],[0,0,0.16437646885734325,0,-0],[0,0,0,0.16437282878292242,-0],[-0,-0,-0,-0,0.16437282878292242]],"geom_mean":[1830.332365974868,6.8118734997557624,284.62443907466451,95.443419494575409,458.46186012105409]}},"KM":{"unit":"mM","true":[0.0088099079962876241,0.012949654848665325,2.6201255559523728,1.7367366453275397,0.011065878049119838,0.062449190095423587,0.35569224231830388,0.44581906701599711,0.045389170772824422,0.26407128853950596,0.01517830122693474],"prior_ln":{"mean":[-2.3025850929940455,-2.3025850929940455,-2.3025850929940455,-2.3025850929940455,-2.3025850929940455,-2.3025850929940455,-2.3025850929940455,-2.3025850929940455,-2.3025850929940455,-2.3025850929940455,-2.3025850929940455],"cov":[[530.18981104783984,0,0,0,0,0,0,0,0,0,0],[0,530.18981104783984,0,0,0,0,0,0,0,0,0],[0,0,530.18981104783984,0,0,0,0,0,0,0,0],[0,0,0,530.18981104783984,0,0,0,0,0,0,0],[0,0,0,0,530.18981104783984,0,0,0,0,0,0],[0,0,0,0,0,530.18981104783984,0,0,0,0,0],[0,0,0,0,0,0,530.18981104783984,0,0,0,0],[0,0,0,0,0,0,0,530.18981104783984,0,0,0],[0,0,0,0,0,0,0,0,530.18981104783984,0,0],[0,0,0,0,0,0,0,0,0,530.18981104783984,0],[0,0,0,0,0,0,0,0,0,0,530.18981104783984]]},"data_ln":{"mean":[-4.6171437487143621,-4.3209142871485193,1.1389630069518053,0.723462984501331,-3.9769755736375894,-3.1990565386506002,-1.7580170319165676,-0.47696509253699976,-3.225558844047701,-1.8240001577591631,-3.7370789860504932],"std":[0.40546510810816438,0.40546510810816438,0.40546510810816438,0.40546510810816438,0.40546510810816438,0.40546510810816438,0.40546510810816438,0.40546510810816438,0.40546510810816438,0.40546510810816438,0.40546510810816438]},"combined":{"mean_ln":[-4.6164262697991916,-4.3202886349806207,1.1378961779945203,0.72252495439933717,-3.9764565373787089,-3.1987786457751177,-1.7581858399529218,-0.477531007708,-3.225272735849924,-1.8241485120034164,-3.7366343141819858],"cov_ln":[[0.16435099172150489,-0,-0,-0,-0,0,-0,-0,-0,0,-0],[-0,0.16435099172150489,-0,-0,-0,-0,0,-0,-0,-0,0],[-0,-0,0.16435099172150489,-0,-0,-0,-0,0,-0,-0,-0],[-0,-0,-0,0.16435099172150489,-0,-0,-0,-0,0,-0,-0],[-0,-0,-0,-0,0.16435099172150489,-0,-0,-0,-0,0,-0],[0,-0,-0,-0,-0,0.16435099172150489,-0,-0,-0,-0,0],[-0,0,-0,-0,-0,-0,0.16435099172150489,-0,-0,-0,-0],[-0,-0,0,-0,-0,-0,-0,0.16435099172150489,-0,-0,-0],[-0,-0,-0,0,-0,-0,-0,-0,0.16435099172150489,-0,-0],[0,-0,-0,-0,0,-0,-0,-0,-0,0.16435099172150489,-0],[-0,0,-0,-0,-0,0,-0,-0,-0,-0,0.16435099172150489]],"geom_mean":[0.0098880702887775562,0.013296045284769603,3.1201971158866115,2.05962711524395,0.018751968650598111,0.040812019483406972,0.17235726402760787,0.62031305081201837,0.039744940227823107,0.1613549774791424,0.023834186671754069]}},"KA":{"unit":"mM","true":[],"prior_ln":{"mean":[],"cov":[]},"data_ln":{"mean":[],"std":[]},"combined":{"mean_ln":[],"cov_ln":[],"geom_mean":[]}},"KI":{"unit":"mM","true":[],"prior_ln":{"mean":[],"cov":[]},"data_ln":{"mean":[],"std":[]},"combined":{"mean_ln":[],"cov_ln":[],"geom_mean":[]}}},"metabolite_concentrations":{"unit":"mM","true":[[7.9279102078079706,5.4225931559977116,22.767606238242191,8.443114319781305],[0.10276240582555533,0.13430558180428212,0.28008400606502071,0.24618663314512573],[1.0750067681986326,0.90624763216788684,1.2773178336984214,0.574317050962336],[0.8117369008454316,0.46606093966318868,0.42802860964643485,0.23115330931011513],[0.025254059979501187,0.033578000577796766,0.018048614611811991,0.033255226328587344],[0.70792972957006228,0.59751873828530122,0.46942716461108297,1.0271258704193278],[0.013833417406315419,0.016104134450492004,0.0065299406575721032,0.012007933162707514]],"prior_ln":{"mean":[[0,0,0,0],[0,0,0,0],[0,0,0,0],[0,0,0,0],[0,0,0,0],[0,0,0,0],[0,0,0,0]],"std":[[23.025850929940457,23.025850929940457,23.025850929940457,23.025850929940457],[23.025850929940457,23.025850929940457,23.025850929940457,23.025850929940457],[23.025850929940457,23.025850929940457,23.025850929940457,23.025850929940457],[23.025850929940457,23.025850929940457,23.025850929940457,23.025850929940457],[23.025850929940457,23.025850929940457,23.025850929940457,23.025850929940457],[23.025850929940457,23.025850929940457,23.025850929940457,23.025850929940457],[23.025850929940457,23.025850929940457,23.025850929940457,23.025850929940457]]},