{"network":{"metabolite_names":["X1","S2","X3","S4","S5","X6","X7"],"reaction_names":["E1","E2","E3","E4","E5"],"stoichiometric_matrix":[[-1,0,0,-0,0],[1,0,-1,-0,0],[0,-1,0,-0,0],[0,1,-1,-0,0],[0,0,1,1,-1],[0,0,0,-1,0],[0,0,0,-0,1]],"activation_matrix":[[0,0,0,0,0],[0,0,0,0,0],[0,0,0,0,0],[0,0,0,0,0],[0,0,0,0,0],[0,0,0,0,0],[0,0,0,0,0]],"inhibition_matrix":[[-0,-0,-0,-0,-0],[-0,-0,-0,-0,-0],[-0,-0,-0,-0,-0],[-0,-0,-0,-0,-0],[-0,-0,-0,-0,-0],[-0,-0,-0,-0,-0],[-0,-0,-0,-0,-0]]},"kinetic_constants":{"Keq":{"unit":"depends on reaction stoichiometry","true":[0.052572570522479808,1.7597465637930618,4.3755067387301079,0.64455593292651736,0.63021123680365365],"prior_ln":{"mean":[0,0,0,0,0],"cov":[[530.18981104783984,0,0,0,0],[0,530.18981104783984,0,0,0],[0,0,530.18981104783984,0,0],[0,0,0,530.18981104783984,0],[0,0,0,0,530.18981104783984]]},"data_ln":{"mean":[-2.94556076820944,0.56516980083652413,1.4760223390977183,0.43919367537777704,-0.46170021928213684],"std":[0.40546510810816438,0.40546510810816438,0.40546510810816438,0.40546510810816438,0.40546510810816438]},"combined":{"mean_ln":[-2.9446476879816732,0.56499460656586287,1.4755647940257857,0.43905753184087376,-0.46155709904984288],"cov_ln":[[0.16435099172150489,0,0,0,-0],[0,0.16435099172150489,0,0,-0],[0,0,0.16435099172150489,0,-0],[0,0,0,0.16435099172150489,-0],[-0,-0,-0,-0,0.16435099172150489]],"geom_mean":[0.05262059541910194,1.7594382932816717,4.3735052051154328,1.5512445307740221,0.63030143923700188]}},"Kcatf":{"unit":"1/s","true":[74.08587919309349,15.426974738112698,1585.1220812754782,31.368816588166816,332.89609165774095],"prior_ln":{"mean":[5.2983173665480363,5.2983173665480363,6.4496099130450588,5.2983173665480363,5.2983173665480363],"cov":[[927.83216933371955,0,0,0,0],[0,927.83216933371955,0,0,0],[0,0,1060.3796220956795,0,0],[0,0,0,927.83216933371955,0],[0,0,0,0,927.83216933371955]]},"data_ln":{"mean":[4.3052249499466084,2.7361175835171307,7.3684167062320078,4.4087020638843528,5.8078304042229085],"std":[0.40546510810816438,0.40546510810816438,0.40546510810816438,0.40546510810816438,0.40546510810816438]},"combined":{"mean_ln":[4.3054008841458691,2.7365714975332254,7.3682742759050956,4.4088596662920523,5.8077401399465964],"cov_ln":[[0.16437282878292242,0,0,0,-0],[0,0.16437282878292242,0,0,-0],[0,0,0.16437646885734325,0,-0],[0,0,0,0.16437282878292242,-0],[-0,-0,-0,-0,0.16437282878292242]],"geom_mean":[74.098914579577368,15.433978847683758,1584.8963278966919,82.1757023315062,332.86604438905823]}},"Kcatr":{"unit":"1/s","true":[958.71474462109,1375.8742120715447,166.65136648006998,82.162752263472115,1579.6164032567399],"prior_ln":{"mean":[5.2983173665480363,5.2983173665480363,4.1470248200510138,5.2983173665480363,5.2983173665480363],"cov":[[927.83216933371955,0,0,0,0],[0,927.83216933371955,0,0,0],[0,0,1060.3796220956795,0,0],[0,0,0,927.83216933371955,0],[0,0,0,0,927.83216933371978]]},"data_ln":{"mean":[6.8655935797718071,7.2268445986689445,5.1159040044205213,3.4458142971737233,7.3649373137956111],"std":[0.40546510810816438,0.40546510810816438,0.40546510810816438,0.40546510810816438,0.40546510810816438]},"combined":{"mean_ln":[6.8653159243582893,7.2265029447718216,5.1157538120405874,3.4461424827873572,7.36457119567859],"cov_ln":[[0.16437282878292242,0,0,0,-0],[0,0.16437282878292242,0,0,-0],[0,0,0.16437646885734325,0,-0],[0,0,0,0.16437282878292242,-0],[-0,-0,-0,-0,0.16437282878292242]],"geom_mean":[958.4485892336786,1375.4042195769953,166.62633859426504,31.379113071974285,1579.0381829284925]}},"KM":{"unit":"mM","true":[0.0088099079962876241,0.012949654848665325,2.6201255559523728,1.7367366453275397,0.011065878049119838,0.062449190095423587,0.35569224231830388,0.44581906701599711,0.045389170772824422,0.26407128853950596,0.01517830122693474],"prior_ln":{"mean":[-2.3025850929940455,-2.3025850929940455,-2.3025850929940455,-2.3025850929940455,-2.3025850929940455,-2.3025850929940455,-2.3025850929940455,-2.3025850929940455,-2.3025850929940455,-2.3025850929940455,-2.3025850929940455],"cov":[[530.18981104783984,0,0,0,0,0,0,0,0,0,0],[0,530.18981104783984,0,0,0,0,0,0,0,0,0],[0,0,530.18981104783984,0,0,0,0,0,0,0,0],[0,0,0,530.18981104783984,0,0,0,0,0,0,0],[0,0,0,0,530.18981104783984,0,0,0,0,0,0],[0,0,0,0,0,530.18981104783984,0,0,0,0,0],[0,0,0,0,0,0,530.18981104783984,0,0,0,0],[0,0,0,0,0,0,0,530.18981104783984,0,0,0],[0,0,0,0,0,0,0,0,530.18981104783984,0,0],[0,0,0,0,0,0,0,0,0,530.18981104783984,0],[0,0,0,0,0,0,0,0,0,0,530.18981104783984]]},"data_ln":{"mean":[-4.7318782821887346,-4.3466861438044937,0.9632222387440037,0.55200786109967392,-4.503888954888664,-2.7734020113429478,-1.0336894098851732,-0.807842088608526,-3.0924817316203992,-1.3315361799413794,-4.1878884219109667],"std":[0.40546510810816438,0.40546510810816438,0.40546510810816438,0.40546510810816438,0.40546510810816438,0.40546510810816438,0.40546510810816438,0.40546510810816438,0.40546510810816438,0.40546510810816438,0.40546510810816438]},"combined":{"mean_ln":[-4.7311252372668839,-4.3460525027425962,0.9622098868229404,0.55112297954746281,-4.50320658328279,-2.77325606506892,-1.0340827487603543,-0.80830543680952971,-3.0922368753572074,-1.3318371907276012,-4.1873040057917832],"cov_ln":[[0.16435099172150489,-0,-0,-0,-0,0,-0,-0,-0,0,-0],[-0,0.16435099172150489,-0,-0,-0,-0,0,-0,-0,-0,0],[-0,-0,0.16435099172150489,-0,-0,-0,-0,0,-0,-0,-0],[-0,-0,-0,0.16435099172150489,-0,-0,-0,-0,0,-0,-0],[-0,-0,-0,-0,0.16435099172150489,-0,-0,-0,-0,0,-0],[0,-0,-0,-0,-0,0.16435099172150489,-0,-0,-0,-0,0],[-0,0,-0,-0,-0,-0,0.16435099172150489,-0,-0,-0,-0],[-0,-0,0,-0,-0,-0,-0,0.16435099172150489,-0,-0,-0],[-0,-0,-0,0,-0,-0,-0,-0,0.16435099172150489,-0,-0],[0,-0,-0,-0,0,-0,-0,-0,-0,0.16435099172150489,-0],[-0,0,-0,-0,-0,0,-0,-0,-0,-0,0.16435099172150489]],"geom_mean":[0.0088165447513399164,0.012957862881913662,2.61747440898566,1.7352005188542636,0.011073431666988702,0.062458304987160138,0.35555236224373876,0.445612545402726,0.045400285956324837,0.26399181219554257,0.015187174263353795]}},"KA":{"unit":"mM","true":[],"prior_ln":{"mean":[],"cov":[]},"data_ln":{"mean":[],"std":[]},"combined":{"mean_ln":[],"cov_ln":[],"geom_mean":[]}},"KI":{"unit":"mM","true":[],"prior_ln":{"mean":[],"cov":[]},"data_ln":{"mean":[],"std":[]},"combined":{"mean_ln":[],"cov_ln":[],"geom_mean":[]}}},"metabolite_concentrations":{"unit":"mM","true":[[7.9279102078079706,5.4225931559977116,22.767606238242191,8.443114319781305],[0.10276240582555338,0.13430558180427807,0.28008400606501482,0.24618663314511721],[1.0750067681986326,0.90624763216788684,1.2773178336984214,0.574317050962336],[0.8117369008455072,0.46606093966323175,0.42802860964647538,0.23115330931013653],[0.025254059979500167,0.033578000577795454,0.01804861461181146,0.033255226328586289],[0.70792972957006228,0.59751873828530122,0.46942716461108297,1.0271258704193278],[0.013833417406315419,0.016104134450492004,0.0065299406575721032,0.012007933162707514]],"prior_ln":{"mean":[[0,0,0,0],[0,0,0,0],[0,0,0,0],[0,0,0,0],[0,0,0,0],[0,0,0,0],[0,0,0,0]],"std":[[2.3025850929940459,2.3025850929940459,2.3025850929940459,2.3025850929940459],[2.3025850929940459,2.3025850929940459,2.3025850929940459,2.3025850929940459],[2.3025850929940459,2.3025850929940459,2.3025850929940459,2.3025850929940459],[2.3025850929940459,2.3025850929940459,2.3025850929940459,2.3025850929940459],[2.3025850929940459,2.3025850929940459,2.3025850929940459,2.3025850929940459],[2.3025850929940459,2.3025850929940459,2.3025850929940459,2.3025850929940459],[2.3025850929940459,2.3025850929940459,2.3025850929940459,2.3025850929940459]]},