!!SBtab TableType='Position' TableID='Position'				
!PositionX	!PositionY	!Element	!IsFixed	!IsInvisible
-0.020036545	0.65039632	X1	1	0
0.055538435	0.65283945	S2	0	0
0.13432198	0.65039632	X3	0	0
0.20023357	0.65120613	X4	1	0
0.018871737	0.65039632	E1	0	0
0.094539984	0.65291567	E2	0	0
0.16845613	0.65057068	E3	0	0
